Line,CTC Item ID,Description,CSI,Division,UOM,Quantity,Quantity Basis,Quantity Class,Material Unit 2023,Labor Unit 2023,Equipment Unit 2023,Published Direct Unit 2023,Labor Hours,CTC Labor Rate 2023,Current Labor Rate,Labor Rate Source Task,Mapped Trade,Labor Hours Method,Waste %,Location Factor,Productivity Factor,Labor Esc.,Material Esc.,Equipment Esc.,Material,Labor,Equipment,Subcontractor,Extended,Price Date,Source,Confidence,Notes
1,01 74 19 00-0016,"40 CY Dumpster (6 Ton) ""Construction Debris""",01,General Requirements,EA,144,Four 40-CY pulls/month × 36 months,Benchmark assumption,212.495,509.988,127.497,849.98,1995.6052173913044,36.8,42.31999999999999,01 22 20 00-0015,Laborer,CTC_ALLOCATED_LABOR_COST_DIVIDED_BY_CTC_TRADE_RATE,0.03,1,1,1.15,1.12,1.125,35299.329408000005,84454.0128,20654.514,0,140407.856208,June 2023,"_docs/Construction Task Catalog® - Distribution.pdf, page 87",Medium,L/M/E and labor-hour splits are CTC-engine allocation fields; the published CTC price is bundled direct cost.
2,01 71 36 00-0005,">4 To 8 Hours On Site, Electromagnetic (SIR/GPR) Survey, Earth, Concrete, Masonry Or Asphalt",01,General Requirements,EA,24,Six full-day subsurface survey visits/building,Benchmark assumption,809.19,1942.056,485.514,3236.76,1266.5582608695654,36.8,42.31999999999999,01 22 20 00-0015,Laborer,CTC_ALLOCATED_LABOR_COST_DIVIDED_BY_CTC_TRADE_RATE,0.03,1,1,1.15,1.12,1.125,22403.558016000006,53600.745599999995,13108.878,0,89113.181616,June 2023,"_docs/Construction Task Catalog® - Distribution.pdf, page 86",Medium,L/M/E and labor-hour splits are CTC-engine allocation fields; the published CTC price is bundled direct cost.
3,02 90 20 00-0003,"Removal And Hauling Of >24"" To 48"" Stumps",02,Existing Conditions,EA,8,Eight large stump removals; existing conditions unresolved,Benchmark assumption,61.728,277.776,277.776,617.28,60.386086956521744,36.8,42.31999999999999,01 22 20 00-0015,Laborer,CTC_ALLOCATED_LABOR_COST_DIVIDED_BY_CTC_TRADE_RATE,0.03,1,1,1.15,1.12,1.125,569.6753664,2555.5391999999997,2499.984,0,5625.1985664,June 2023,"_docs/Construction Task Catalog® - Distribution.pdf, page 151",Low,L/M/E and labor-hour splits are CTC-engine allocation fields; the published CTC price is bundled direct cost.
4,03 31 13 00-0005,"6"" 3,000 PSI Slab On Grade Concrete Slabs Assembly",03,Concrete,SF,147500,6-inch slab-on-grade at building and garage ground footprints,Calculated,3.5235,3.132,1.1745,7.83,9592.400332225914,48.16,55.38399999999999,01 22 20 00-0008,Cement Mason,CTC_ALLOCATED_LABOR_COST_DIVIDED_BY_CTC_TRADE_RATE,0.05,1,1,1.15,1.12,1.125,611186.3099999999,531265.5,194893.59375000003,0,1337345.40375,June 2023,"_docs/Construction Task Catalog® - Distribution.pdf, page 220",Medium,L/M/E and labor-hour splits are CTC-engine allocation fields; the published CTC price is bundled direct cost.
5,03 31 13 00-0050,"Up To 6"", By Concrete Pump, Place 3,000 PSI Elevated Concrete Slab",03,Concrete,CY,3680.5555555555557,6-inch elevated garage decks plus 9-inch equivalent podium transfer slab,Calculated,97.8615,86.988,32.6205,217.47,6647.9270487264685,48.16,55.38399999999999,01 22 20 00-0008,Cement Mason,CTC_ALLOCATED_LABOR_COST_DIVIDED_BY_CTC_TRADE_RATE,0.05,1,1,1.15,1.12,1.125,423577.1925000001,368188.7916666666,135069.2578125,0,926835.2419791667,June 2023,"_docs/Construction Task Catalog® - Distribution.pdf, page 228",Medium,L/M/E and labor-hour splits are CTC-engine allocation fields; the published CTC price is bundled direct cost.
6,03 22 11 00-0004,"6"" x 6"" x #6, 42 LB/CSF, Plain Welded Wire Fabric Reinforcing Placed In Floors Or Slabs (W2.9 x W2.9)",03,Concrete,SF,226250,Welded reinforcing fabric at slabs,Calculated,0.495,0.44,0.165,1.1,2067.0681063122925,48.16,55.38399999999999,01 22 20 00-0008,Cement Mason,CTC_ALLOCATED_LABOR_COST_DIVIDED_BY_CTC_TRADE_RATE,0.05,1,1,1.15,1.12,1.125,131704.65,114482.5,41997.65625,0,288184.80625,June 2023,"_docs/Construction Task Catalog® - Distribution.pdf, page 217",Medium,L/M/E and labor-hour splits are CTC-engine allocation fields; the published CTC price is bundled direct cost.
7,03 31 13 00-0019,"Concrete Pump, Place 3,000 PSI Concrete Continuous Footings",03,Concrete,CY,4800,Conceptual continuous footing concrete,Benchmark assumption,98.4285,87.492,32.8095,218.73,8720.13289036545,48.16,55.38399999999999,01 22 20 00-0008,Cement Mason,CTC_ALLOCATED_LABOR_COST_DIVIDED_BY_CTC_TRADE_RATE,0.05,1,1,1.15,1.12,1.125,555609.1968,482955.83999999997,177171.30000000002,0,1215736.3368,June 2023,"_docs/Construction Task Catalog® - Distribution.pdf, page 222",Low,L/M/E and labor-hour splits are CTC-engine allocation fields; the published CTC price is bundled direct cost.
8,03 11 13 00-0003,Continuous Footings Foundation Wood Formwork,03,Concrete,SF,42000,Conceptual continuous-footing contact form area,Benchmark assumption,2.0385,1.812,0.6795,4.53,1580.232558139535,48.16,55.38399999999999,01 22 20 00-0008,Cement Mason,CTC_ALLOCATED_LABOR_COST_DIVIDED_BY_CTC_TRADE_RATE,0.05,1,1,1.15,1.12,1.125,100685.59200000002,87519.6,32106.375,0,220311.56700000004,June 2023,"_docs/Construction Task Catalog® - Distribution.pdf, page 168",Low,L/M/E and labor-hour splits are CTC-engine allocation fields; the published CTC price is bundled direct cost.
9,04 22 23 13-0006,"8"" x 8"" x 16"", Cored, Lightweight, Concrete Block",04,Masonry,SF,90000,"CMU stairs, shafts, service and garage walls",Calculated,4.3218,5.145,0.8232,10.29,7452.9212940608395,62.13,71.4495,01 22 20 00-0005,Brick Layer,CTC_ALLOCATED_LABOR_COST_DIVIDED_BY_CTC_TRADE_RATE,0.07,1,1,1.15,1.12,1.125,466132.06080000004,532507.4999999999,83349,0,1081988.5607999999,June 2023,"_docs/Construction Task Catalog® - Distribution.pdf, page 297",Medium,L/M/E and labor-hour splits are CTC-engine allocation fields; the published CTC price is bundled direct cost.
10,05 36 00 00-0042,"1-1/2"" Deep x 18 Gauge Composite Metal Deck Galvanized, Non Cellular",05,Metals,SF,158750,Composite deck at garage elevated floors and podium,Calculated,2.94,2.352,0.588,5.88,5162.887168141592,72.32,83.16799999999999,01 22 20 00-0033,Structural Steel Worker,CTC_ALLOCATED_LABOR_COST_DIVIDED_BY_CTC_TRADE_RATE,0.05,1,1,1.15,1.12,1.125,548868.6,429386.99999999994,105013.125,0,1083268.7249999999,June 2023,"_docs/Construction Task Catalog® - Distribution.pdf, page 456",Medium,L/M/E and labor-hour splits are CTC-engine allocation fields; the published CTC price is bundled direct cost.
11,05 42 13 00-0013,"8"" - 16 Gauge Steel Joists",05,Metals,LF,210000,Conceptual cold-formed/secondary steel joist length,Benchmark assumption,4.855,3.884,0.971,9.71,11278.207964601772,72.32,83.16799999999999,01 22 20 00-0033,Structural Steel Worker,CTC_ALLOCATED_LABOR_COST_DIVIDED_BY_CTC_TRADE_RATE,0.05,1,1,1.15,1.12,1.125,1198990.8000000003,937985.9999999999,229398.74999999997,0,2366375.5500000003,June 2023,"_docs/Construction Task Catalog® - Distribution.pdf, page 458",Low,L/M/E and labor-hour splits are CTC-engine allocation fields; the published CTC price is bundled direct cost.
12,06 11 16 00-0050,"2"" x 6"" Wood Stud Framing, For Partition Walls",06,"Wood, Plastics and Composites",LF,356400,2x6 stud length derived from residential GSF,Calculated,0.588,0.7,0.112,1.4,4299.155609167672,58.03,66.7345,01 22 20 00-0006,Carpenter,CTC_ALLOCATED_LABOR_COST_DIVIDED_BY_CTC_TRADE_RATE,0.1,1,1,1.15,1.12,1.125,258181.86240000004,286902,44906.4,0,589990.2624,June 2023,"_docs/Construction Task Catalog® - Distribution.pdf, page 521",Medium,L/M/E and labor-hour splits are CTC-engine allocation fields; the published CTC price is bundled direct cost.
13,06 11 16 00-0015,"2"" x 10"" Wood Floor Joist",06,"Wood, Plastics and Composites",LF,336600,2x10 joist length equivalent for wood-framed floor assemblies,Calculated,1.0164,1.21,0.1936,2.42,7018.542133379286,58.03,66.7345,01 22 20 00-0006,Carpenter,CTC_ALLOCATED_LABOR_COST_DIVIDED_BY_CTC_TRADE_RATE,0.1,1,1,1.15,1.12,1.125,421492.13568000006,468378.89999999997,73311.48,0,963182.51568,June 2023,"_docs/Construction Task Catalog® - Distribution.pdf, page 520",Medium,L/M/E and labor-hour splits are CTC-engine allocation fields; the published CTC price is bundled direct cost.
14,06 16 43 00-0003,"5/8"" Exterior Gypsum Sheathing (GP Dens-Glass Gold)",06,"Wood, Plastics and Composites",SF,138899.17265156886,Exterior structural sheathing area,Calculated,0.9366,1.115,0.1784,2.23,2668.8364209288175,58.03,66.7345,01 22 20 00-0006,Carpenter,CTC_ALLOCATED_LABOR_COST_DIVIDED_BY_CTC_TRADE_RATE,0.1,1,1,1.15,1.12,1.125,160274.53300992603,178103.46413247415,27877.06395116987,0,366255.0610935701,June 2023,"_docs/Construction Task Catalog® - Distribution.pdf, page 537",Medium,L/M/E and labor-hour splits are CTC-engine allocation fields; the published CTC price is bundled direct cost.
15,06 41 13 00-0012,"24"" Wide, 35"" High x 23-3/4"" Deep, Single Drawer and Single Door, Solid Maple Face Frame, Door and Drawer Front, Base Cabinet",06,"Wood, Plastics and Composites",EA,5280,Eleven 24-inch base/wall cabinet equivalents per apartment,Benchmark assumption,203.6538,242.445,38.7912,484.89,22059.4451145959,58.03,66.7345,01 22 20 00-0006,Carpenter,CTC_ALLOCATED_LABOR_COST_DIVIDED_BY_CTC_TRADE_RATE,0.1,1,1,1.15,1.12,1.125,1324759.822848,1472126.0399999998,230419.72800000003,0,3027305.590848,June 2023,"_docs/Construction Task Catalog® - Distribution.pdf, page 546",Medium,L/M/E and labor-hour splits are CTC-engine allocation fields; the published CTC price is bundled direct cost.
16,07 21 16 00-0006,"5-1/2"" Thick, Kraft Faced, R-21 Fiberglass Flexible Insulation",07,Thermal and Moisture Protection,SF,138899.17265156886,R-21 exterior wall insulation area,Calculated,0.72,0.72,0.16,1.6,1627.7246795105725,61.44,70.65599999999999,01 22 20 00-0027,"Roofer, Composite",CTC_ALLOCATED_LABOR_COST_DIVIDED_BY_CTC_TRADE_RATE,0.08,1,1,1.15,1.12,1.125,120968.95625232316,115008.51495549902,25001.851077282394,0,260979.32228510457,June 2023,"_docs/Construction Task Catalog® - Distribution.pdf, page 611",Medium,L/M/E and labor-hour splits are CTC-engine allocation fields; the published CTC price is bundled direct cost.
17,07 24 13 00-0033,"Smooth, High Performance, Polymer-Based, Non-Cementitious Water-Resistive Membrane And Air Barrier For Exterior Insulation Finishing Systems (EIFS) (Dryvit Backstop® NT™), Per Coat",07,Thermal and Moisture Protection,SF,138899.17265156886,Exterior water-resistive membrane/air barrier,Calculated,0.63,0.63,0.14,1.4,1424.2590945717511,61.44,70.65599999999999,01 22 20 00-0027,"Roofer, Composite",CTC_ALLOCATED_LABOR_COST_DIVIDED_BY_CTC_TRADE_RATE,0.08,1,1,1.15,1.12,1.125,105847.83672078277,100632.45058606163,21876.619692622102,0,228356.9069994665,June 2023,"_docs/Construction Task Catalog® - Distribution.pdf, page 644",Medium,L/M/E and labor-hour splits are CTC-engine allocation fields; the published CTC price is bundled direct cost.
18,07 46 46 00-0004,"7-1/4"" Board with 6"" Exposure, 5/16"" Thick, Fiber Cement Lap Siding",07,Thermal and Moisture Protection,SF,90284.46222351976,65% fiber-cement cladding baseline,Calculated,1.8135,1.8135,0.403,4.03,2664.8904987362152,61.44,70.65599999999999,01 22 20 00-0027,"Roofer, Composite",CTC_ALLOCATED_LABOR_COST_DIVIDED_BY_CTC_TRADE_RATE,0.08,1,1,1.15,1.12,1.125,198048.8630643503,188290.503078706,40932.718060588275,0,427272.0842036446,June 2023,"_docs/Construction Task Catalog® - Distribution.pdf, page 662",Medium,L/M/E and labor-hour splits are CTC-engine allocation fields; the published CTC price is bundled direct cost.
19,07 54 23 00-0004,"60 Mil, Single Ply TPO Roofing Membrane, Fully Adhered",07,Thermal and Moisture Protection,SQ,1212.5,60-mil fully adhered TPO roof; CTC unit is roofing square,Calculated,132.7905,132.7905,29.509,295.09,2620.5807495117188,61.44,70.65599999999999,01 22 20 00-0027,"Roofer, Composite",CTC_ALLOCATED_LABOR_COST_DIVIDED_BY_CTC_TRADE_RATE,0.08,1,1,1.15,1.12,1.125,194755.85892000006,185159.75343749998,40252.1203125,0,420167.73267,June 2023,"_docs/Construction Task Catalog® - Distribution.pdf, page 688",Medium,L/M/E and labor-hour splits are CTC-engine allocation fields; the published CTC price is bundled direct cost.
20,08 53 13 00-0071,"36"" x 60"", New Construction, Single Hung Vinyl Window (Silver Line 2200)",08,Openings,EA,2448,Four/six/eight windows by unit type,Calculated,184.822,134.416,16.802,336.04,5332.204958677686,61.71,70.9665,01 22 20 00-0014,Glazier,CTC_ALLOCATED_LABOR_COST_DIVIDED_BY_CTC_TRADE_RATE,0.05,1,1,1.15,1.12,1.125,532074.4450560001,378407.92319999996,46272.708,0,956755.0762560001,June 2023,"_docs/Construction Task Catalog® - Distribution.pdf, page 1047",Medium,L/M/E and labor-hour splits are CTC-engine allocation fields; the published CTC price is bundled direct cost.
21,08 42 13 00-0002,"3' x 7' x 1-3/4"" Medium Stile, Clear Anodized Finish, Aluminum Framed Entrance Doors",08,Openings,EA,28,"Building, amenity and retail entrance doors",Calculated,3156.6755,2295.764,286.9705,5739.41,1041.6689677523902,61.71,70.9665,01 22 20 00-0014,Glazier,CTC_ALLOCATED_LABOR_COST_DIVIDED_BY_CTC_TRADE_RATE,0.05,1,1,1.15,1.12,1.125,103943.01086400001,73923.6008,9039.57075,0,186906.18241400004,June 2023,"_docs/Construction Task Catalog® - Distribution.pdf, page 954",Medium,L/M/E and labor-hour splits are CTC-engine allocation fields; the published CTC price is bundled direct cost.
22,08 43 13 00-0008,"10' High, 1-3/4"" x 4-1/2"" Frame, Vertical Mullions 4' On Center, Aluminum Storefront Framing Assembly",08,Openings,SF,12000,10-foot retail storefront framing,Calculated,8.888,6.464,0.808,16.16,1256.9761789013128,61.71,70.9665,01 22 20 00-0014,Glazier,CTC_ALLOCATED_LABOR_COST_DIVIDED_BY_CTC_TRADE_RATE,0.05,1,1,1.15,1.12,1.125,125427.45600000002,89203.2,10908,0,225538.65600000002,June 2023,"_docs/Construction Task Catalog® - Distribution.pdf, page 959",Medium,L/M/E and labor-hour splits are CTC-engine allocation fields; the published CTC price is bundled direct cost.
23,08 12 13 13-0008,"3' x 6'-8"" Through 7'-2"" High, 4-3/4"" Deep, 16 Gauge, Knock Down Hollow Metal Door Frame",08,Openings,EA,800,Unit entries plus rated common/core frames,Calculated,179.388,130.464,16.308,326.16,1691.317452600875,61.71,70.9665,01 22 20 00-0014,Glazier,CTC_ALLOCATED_LABOR_COST_DIVIDED_BY_CTC_TRADE_RATE,0.05,1,1,1.15,1.12,1.125,168768.23040000003,120026.87999999998,14677.199999999999,0,303472.3104,June 2023,"_docs/Construction Task Catalog® - Distribution.pdf, page 770",Medium,L/M/E and labor-hour splits are CTC-engine allocation fields; the published CTC price is bundled direct cost.
24,09 29 10 00-0009,"5/8"" Type X Fire Rated Gypsum Board",09,Finishes,SF,1584000,3.2 SF Type-X board per residential GSF,Calculated,0.508,0.6985,0.0635,1.27,19613.96915440525,56.41,64.8715,01 22 20 00-0009,Drywall Finisher,CTC_ALLOCATED_LABOR_COST_DIVIDED_BY_CTC_TRADE_RATE,0.08,1,1,1.15,1.12,1.125,973331.2512,1272387.5999999999,113157,0,2358875.8512,June 2023,"_docs/Construction Task Catalog® - Distribution.pdf, page 1283",Medium,L/M/E and labor-hour splits are CTC-engine allocation fields; the published CTC price is bundled direct cost.
25,09 29 10 00-0038,"Up To 10' High, Walls, Tape, Spackle And Finish Gypsum Board",09,Finishes,SF,1584000,Tape and finish matching board area,Calculated,0.184,0.253,0.023,0.46,7104.272292146782,56.41,64.8715,01 22 20 00-0009,Drywall Finisher,CTC_ALLOCATED_LABOR_COST_DIVIDED_BY_CTC_TRADE_RATE,0.08,1,1,1.15,1.12,1.125,352545.17760000005,460864.8,40986,0,854395.9776000001,June 2023,"_docs/Construction Task Catalog® - Distribution.pdf, page 1286",Medium,L/M/E and labor-hour splits are CTC-engine allocation fields; the published CTC price is bundled direct cost.
26,09 65 23 00-0002,"0.110"" Overall Thickness, 0.012"" Wear Layer, Vinyl Plank Flooring (Armstrong® Luxe Plank™)",09,Finishes,SF,276360,LVP at 70% of apartment NSF,Calculated,2.996,4.1195,0.3745,7.49,20181.971636234714,56.41,64.8715,01 22 20 00-0009,Drywall Finisher,CTC_ALLOCATED_LABOR_COST_DIVIDED_BY_CTC_TRADE_RATE,0.08,1,1,1.15,1.12,1.125,1001518.0277760002,1309234.773,116433.9225,0,2427186.723276,June 2023,"_docs/Construction Task Catalog® - Distribution.pdf, page 1328",Medium,L/M/E and labor-hour splits are CTC-engine allocation fields; the published CTC price is bundled direct cost.
27,09 30 13 00-0015,"Mounted Ceramic Floor Tile, Residential Grade",09,Finishes,SF,47376,Ceramic floor tile at 12% of apartment NSF,Calculated,3.008,4.136,0.376,7.52,3473.6241092004966,56.41,64.8715,01 22 20 00-0009,Drywall Finisher,CTC_ALLOCATED_LABOR_COST_DIVIDED_BY_CTC_TRADE_RATE,0.08,1,1,1.15,1.12,1.125,172376.47687680004,225339.2064,20040.048,0,417755.73127680004,June 2023,"_docs/Construction Task Catalog® - Distribution.pdf, page 1291",Medium,L/M/E and labor-hour splits are CTC-engine allocation fields; the published CTC price is bundled direct cost.
28,09 68 13 00-0004,"20 Ounce, Non Patterned, Nylon Carpet Tile",09,Finishes,SY,7896,Carpet at 18% of apartment NSF; CTC unit SY,Calculated,13.844,19.0355,1.7305,34.61,2664.497571352597,56.41,64.8715,01 22 20 00-0009,Drywall Finisher,CTC_ALLOCATED_LABOR_COST_DIVIDED_BY_CTC_TRADE_RATE,0.08,1,1,1.15,1.12,1.125,132224.06615040003,172849.95419999998,15372.0315,0,320446.0518504,June 2023,"_docs/Construction Task Catalog® - Distribution.pdf, page 1333",Medium,L/M/E and labor-hour splits are CTC-engine allocation fields; the published CTC price is bundled direct cost.
29,09 51 13 00-0003,"2' x 2' x 3/4"" Thick, Square Edge, Fiberglass Acoustical Ceiling Panel (Armstrong Optima®)",09,Finishes,SF,50000,Retail/common acoustical ceilings; shell and amenity allowance,Calculated,3.196,4.3945,0.3995,7.99,3895.142705194115,56.41,64.8715,01 22 20 00-0009,Drywall Finisher,CTC_ALLOCATED_LABOR_COST_DIVIDED_BY_CTC_TRADE_RATE,0.08,1,1,1.15,1.12,1.125,193294.08000000005,252683.74999999997,22471.875000000004,0,468449.705,June 2023,"_docs/Construction Task Catalog® - Distribution.pdf, page 1294",Medium,L/M/E and labor-hour splits are CTC-engine allocation fields; the published CTC price is bundled direct cost.
30,09 91 23 00-0258,"2 Coats Paint, Brush/Roller Work, One Face, Paint Interior Wood Door",09,Finishes,EA,2880,Two-coat apartment interior door painting,Calculated,26.248,36.091,3.281,65.62,1842.6179755362527,56.41,64.8715,01 22 20 00-0009,Drywall Finisher,CTC_ALLOCATED_LABOR_COST_DIVIDED_BY_CTC_TRADE_RATE,0.08,1,1,1.15,1.12,1.125,91438.79270400002,119533.39199999999,10630.44,0,221602.62470400002,June 2023,"_docs/Construction Task Catalog® - Distribution.pdf, page 1456",Medium,L/M/E and labor-hour splits are CTC-engine allocation fields; the published CTC price is bundled direct cost.
31,10 28 16 13-0083,Multi Roll (2) Plastic Toilet Tissue Dispenser,10,Specialties,EA,696,One bath tissue dispenser per bathroom,Calculated,47.927,34.856,4.357,87.14,418.0557642598656,58.03,66.7345,01 22 20 00-0006,Carpenter,CTC_ALLOCATED_LABOR_COST_DIVIDED_BY_CTC_TRADE_RATE,0.03,1,1,1.15,1.12,1.125,38480.8566912,27898.742400000003,3411.531,0,69791.13009120002,June 2023,"_docs/Construction Task Catalog® - Distribution.pdf, page 1576",Medium,L/M/E and labor-hour splits are CTC-engine allocation fields; the published CTC price is bundled direct cost.
32,10 28 16 13-0039,"24"" Length, Surface Mounted, Chrome Plated Towel Bar",10,Specialties,EA,696,One towel bar per bathroom,Calculated,41.47,30.16,3.77,75.4,361.7328967775288,58.03,66.7345,01 22 20 00-0006,Carpenter,CTC_ALLOCATED_LABOR_COST_DIVIDED_BY_CTC_TRADE_RATE,0.03,1,1,1.15,1.12,1.125,33296.49523200001,24140.064,2951.91,0,60388.469232,June 2023,"_docs/Construction Task Catalog® - Distribution.pdf, page 1575",Medium,L/M/E and labor-hour splits are CTC-engine allocation fields; the published CTC price is bundled direct cost.
33,10 28 16 13-0026,"Shower Curtain Rod, Polished Chrome",10,Specialties,EA,696,One shower rod per bathroom,Calculated,43.5765,31.692,3.9615,79.23,380.1073927278993,58.03,66.7345,01 22 20 00-0006,Carpenter,CTC_ALLOCATED_LABOR_COST_DIVIDED_BY_CTC_TRADE_RATE,0.03,1,1,1.15,1.12,1.125,34987.815878400004,25366.2768,3101.8545,0,63455.947178400005,June 2023,"_docs/Construction Task Catalog® - Distribution.pdf, page 1575",Medium,L/M/E and labor-hour splits are CTC-engine allocation fields; the published CTC price is bundled direct cost.
34,11 30 13 13-0050,>20 To 22 CF Top Freezer Refrigerator,11,Equipment,EA,480,One 20–22 CF refrigerator per unit,Calculated,846.552,423.276,141.092,1410.92,3158.285092491839,64.33,73.97949999999999,01 22 20 00-0018,Millwright,CTC_ALLOCATED_LABOR_COST_DIVIDED_BY_CTC_TRADE_RATE,0.02,1,1,1.15,1.12,1.125,464208.48230400006,233648.35199999998,76189.68000000001,0,774046.5143040001,June 2023,"_docs/Construction Task Catalog® - Distribution.pdf, page 1664",Medium,L/M/E and labor-hour splits are CTC-engine allocation fields; the published CTC price is bundled direct cost.
35,11 30 13 13-0005,"30"" Electric Range With Oven",11,Equipment,EA,480,One 30-inch electric range per unit,Calculated,506.01,253.005,84.335,843.35,1887.8035131353956,64.33,73.97949999999999,01 22 20 00-0018,Millwright,CTC_ALLOCATED_LABOR_COST_DIVIDED_BY_CTC_TRADE_RATE,0.02,1,1,1.15,1.12,1.125,277471.59552000003,139658.75999999998,45540.9,0,462671.25552,June 2023,"_docs/Construction Task Catalog® - Distribution.pdf, page 1663",Medium,L/M/E and labor-hour splits are CTC-engine allocation fields; the published CTC price is bundled direct cost.
36,11 30 13 13-0082,"24"" Built-In Dishwasher",11,Equipment,EA,480,One 24-inch dishwasher per unit,Calculated,432.708,216.354,72.118,721.18,1614.3311052386136,64.33,73.97949999999999,01 22 20 00-0018,Millwright,CTC_ALLOCATED_LABOR_COST_DIVIDED_BY_CTC_TRADE_RATE,0.02,1,1,1.15,1.12,1.125,237276.29721600006,119427.408,38943.719999999994,0,395647.42521600006,June 2023,"_docs/Construction Task Catalog® - Distribution.pdf, page 1665",Medium,L/M/E and labor-hour splits are CTC-engine allocation fields; the published CTC price is bundled direct cost.
37,12 36 23 13-0003,"Plastic Laminate Countertop With 4"" Backsplash",12,Furnishings and Casework,SF,11520,Twenty-four SF countertop per unit,Calculated,9.606,5.6035,0.8005,16.01,1112.3956574185768,58.03,66.7345,01 22 20 00-0006,Carpenter,CTC_ALLOCATED_LABOR_COST_DIVIDED_BY_CTC_TRADE_RATE,0.08,1,1,1.15,1.12,1.125,133855.69075200002,74235.168,10374.48,0,218465.33875200004,June 2023,"_docs/Construction Task Catalog® - Distribution.pdf, page 1795",Medium,L/M/E and labor-hour splits are CTC-engine allocation fields; the published CTC price is bundled direct cost.
38,12 36 23 13-0005,Cutout For Sink And/Or Faucet In Plastic Laminate Countertop,12,Furnishings and Casework,EA,720,Countertop sink/faucet cutouts,Calculated,29.628,17.283,2.469,49.38,214.43667068757543,58.03,66.7345,01 22 20 00-0006,Carpenter,CTC_ALLOCATED_LABOR_COST_DIVIDED_BY_CTC_TRADE_RATE,0.08,1,1,1.15,1.12,1.125,25803.380736,14310.324,1999.89,0,42113.594736,June 2023,"_docs/Construction Task Catalog® - Distribution.pdf, page 1795",Medium,L/M/E and labor-hour splits are CTC-engine allocation fields; the published CTC price is bundled direct cost.
39,13 34 19 00-0164,">50 SF, Prefinished Aluminum, Wall Hung Canopy",13,Special Construction,SF,800,Entry canopies and amenity shade structures,Benchmark assumption,22.4595,19.964,7.4865,49.91,248.26985854189334,64.33,73.97949999999999,01 22 20 00-0018,Millwright,CTC_ALLOCATED_LABOR_COST_DIVIDED_BY_CTC_TRADE_RATE,0.03,1,1,1.15,1.12,1.125,20727.42336,18366.879999999997,6737.85,0,45832.15336,June 2023,"_docs/Construction Task Catalog® - Distribution.pdf, page 1838",Medium,L/M/E and labor-hour splits are CTC-engine allocation fields; the published CTC price is bundled direct cost.
40,13 11 46 00-0015,"Ladders, 2 Tread, Stainless Steel Swimming Pool Equipment",13,Special Construction,EA,4,Pool access ladders; pool vessel carried as unresolved allowance,Benchmark assumption,1197.576,1064.512,399.192,2661.28,66.19070418156382,64.33,73.97949999999999,01 22 20 00-0018,Millwright,CTC_ALLOCATED_LABOR_COST_DIVIDED_BY_CTC_TRADE_RATE,0.03,1,1,1.15,1.12,1.125,5526.094694400001,4896.7552,1796.364,0,12219.2138944,June 2023,"_docs/Construction Task Catalog® - Distribution.pdf, page 1820",Low,L/M/E and labor-hour splits are CTC-engine allocation fields; the published CTC price is bundled direct cost.
41,14 21 23 13-0004,"Electric Traction Passenger Elevator, 3,000 LB x 200 FPM, 6 Stops, 6 Openings",14,Conveying Equipment,EA,8,"Eight 3,000-lb six-stop traction elevators; final code/core analysis required",User-provided,116807.276,102206.3665,73004.5475,292018.19,12710.258541893363,64.33,73.97949999999999,01 22 20 00-0018,Millwright,CTC_ALLOCATED_LABOR_COST_DIVIDED_BY_CTC_TRADE_RATE,0,1,1,1.15,1.12,1.125,1046593.1929600001,940298.5717999999,657040.9275,0,2643932.69226,June 2023,"_docs/Construction Task Catalog® - Distribution.pdf, page 1851",Medium,L/M/E and labor-hour splits are CTC-engine allocation fields; the published CTC price is bundled direct cost.
42,21 13 13 00-0004,"Concealed Piping, Light Hazard, Complete Wet-Pipe Sprinkler System, Per Head",21,Fire Suppression,EA,3194.4444444444443,Light-hazard wet-pipe coverage,Calculated,331.7535,331.7535,73.723,737.23,13628.705311213991,77.76,89.42399999999999,01 22 20 00-0030,Sprinkler Installer,CTC_ALLOCATED_LABOR_COST_DIVIDED_BY_CTC_TRADE_RATE,0.05,1,1,1.15,1.12,1.125,1246287.3150000002,1218733.3437499998,264942.03125,0,2729962.69,June 2023,"_docs/Construction Task Catalog® - Distribution.pdf, page 1863",Medium,L/M/E and labor-hour splits are CTC-engine allocation fields; the published CTC price is bundled direct cost.
43,21 13 13 00-0006,"Exposed Piping, Ordinary Hazard, Complete Wet-Pipe Sprinkler System, Per Head",21,Fire Suppression,EA,677.4193548387096,Garage ordinary-hazard wet-pipe coverage,Calculated,274.2705,274.2705,60.949,609.49,2389.353718637993,77.76,89.42399999999999,01 22 20 00-0030,Sprinkler Installer,CTC_ALLOCATED_LABOR_COST_DIVIDED_BY_CTC_TRADE_RATE,0.05,1,1,1.15,1.12,1.125,218496.26670967744,213665.56693548383,46449.036290322576,0,478610.8699354838,June 2023,"_docs/Construction Task Catalog® - Distribution.pdf, page 1863",Medium,L/M/E and labor-hour splits are CTC-engine allocation fields; the published CTC price is bundled direct cost.
44,22 41 13 13-0002,"2 Piece Tank Type, Gravity Flush System, Floor Mounted, Floor Outlet, Elongated Vitreous China Water Closet (Kohler Wellworth® K-3978)",22,Plumbing,EA,696,One water closet per bathroom,Calculated,164.12,205.15,41.03,410.3,1772.398212512413,80.56,92.64399999999999,01 22 20 00-0024,Plumber,CTC_ALLOCATED_LABOR_COST_DIVIDED_BY_CTC_TRADE_RATE,0.07,1,1,1.15,1.12,1.125,136890.25996800003,164202.06,32126.489999999998,0,333218.80996800005,June 2023,"_docs/Construction Task Catalog® - Distribution.pdf, page 2107",Medium,L/M/E and labor-hour splits are CTC-engine allocation fields; the published CTC price is bundled direct cost.
45,22 42 19 00-0013,"60"" x 32"" x 19"", Acrylic, Recessed Alcove Bathtub (Kohler® Archer®)",22,Plumbing,EA,696,One tub/shower assembly per bathroom,Calculated,355.996,444.995,88.999,889.99,3844.544687189672,80.56,92.64399999999999,01 22 20 00-0024,Plumber,CTC_ALLOCATED_LABOR_COST_DIVIDED_BY_CTC_TRADE_RATE,0.07,1,1,1.15,1.12,1.125,296931.4220544,356173.99799999996,69686.217,0,722791.6370544,June 2023,"_docs/Construction Task Catalog® - Distribution.pdf, page 2117",Medium,L/M/E and labor-hour splits are CTC-engine allocation fields; the published CTC price is bundled direct cost.
46,22 41 16 16-0002,"25"" x 22"" x 6"" Stainless Steel Kitchen Sink, Single Bowl, 22 Gauge (Elkay K125224)",22,Plumbing,EA,480,One kitchen sink per unit,Calculated,201.4,251.75,50.35,503.5,1500,80.56,92.64399999999999,01 22 20 00-0024,Plumber,CTC_ALLOCATED_LABOR_COST_DIVIDED_BY_CTC_TRADE_RATE,0.07,1,1,1.15,1.12,1.125,115851.72480000003,138966,27189.000000000004,0,282006.7248,June 2023,"_docs/Construction Task Catalog® - Distribution.pdf, page 2107",Medium,L/M/E and labor-hour splits are CTC-engine allocation fields; the published CTC price is bundled direct cost.
47,22 41 39 00-0003,Chrome Single Handle Kitchen Faucet With Spray (Delta 400LF-WF),22,Plumbing,EA,480,One kitchen faucet per unit,Calculated,72.252,90.315,18.063,180.63,538.1231380337637,80.56,92.64399999999999,01 22 20 00-0024,Plumber,CTC_ALLOCATED_LABOR_COST_DIVIDED_BY_CTC_TRADE_RATE,0.07,1,1,1.15,1.12,1.125,41561.662464,49853.88,9754.019999999999,0,101169.562464,June 2023,"_docs/Construction Task Catalog® - Distribution.pdf, page 2108",Medium,L/M/E and labor-hour splits are CTC-engine allocation fields; the published CTC price is bundled direct cost.
48,22 41 39 00-0012,"Chrome, Single Lever Handle, Lavatory Faucet (Delta 500-WF)",22,Plumbing,EA,696,One lavatory faucet per bathroom,Calculated,57.38,71.725,14.345,143.45,619.6698113207547,80.56,92.64399999999999,01 22 20 00-0024,Plumber,CTC_ALLOCATED_LABOR_COST_DIVIDED_BY_CTC_TRADE_RATE,0.07,1,1,1.15,1.12,1.125,47859.877632,57408.68999999999,11232.135000000002,0,116500.702632,June 2023,"_docs/Construction Task Catalog® - Distribution.pdf, page 2108",Medium,L/M/E and labor-hour splits are CTC-engine allocation fields; the published CTC price is bundled direct cost.
49,01 95 22 00-0006,"30-1/2"" Preassembled Residential Vanity With Top (Glacier Bay GB30P2COM-WH)",01,General Requirements,EA,696,One vanity per bathroom,Calculated,102.155,245.172,61.293,408.62,4636.948695652174,36.8,42.31999999999999,01 22 20 00-0015,Laborer,CTC_ALLOCATED_LABOR_COST_DIVIDED_BY_CTC_TRADE_RATE,0.03,1,1,1.15,1.12,1.125,82020.82156800001,196235.66879999998,47992.418999999994,0,326248.909368,June 2023,"_docs/Construction Task Catalog® - Distribution.pdf, page 93",Medium,L/M/E and labor-hour splits are CTC-engine allocation fields; the published CTC price is bundled direct cost.
50,22 33 30 16-0004,"50 Gallon, Electric Domestic Water Heater",22,Plumbing,EA,480,One 50-gallon electric water heater per unit,Calculated,741.148,926.435,185.287,1852.87,5519.970208540218,80.56,92.64399999999999,01 22 20 00-0024,Plumber,CTC_ALLOCATED_LABOR_COST_DIVIDED_BY_CTC_TRADE_RATE,0.07,1,1,1.15,1.12,1.125,426332.046336,511392.11999999994,100054.98000000001,0,1037779.146336,June 2023,"_docs/Construction Task Catalog® - Distribution.pdf, page 2101",Medium,L/M/E and labor-hour splits are CTC-engine allocation fields; the published CTC price is bundled direct cost.
51,23 81 13 11-0010,"11,800 BTU, 11.6 EER, 230/208 Volt, Heat Pump, Heating And Cooling, Packaged Terminal Air-Conditioner",23,HVAC,EA,264,One packaged terminal heat pump per studio/1BR,Calculated,955.9575,955.9575,212.435,2124.35,3056.470630979775,82.57,94.95549999999999,01 22 20 00-0029,Sheet Metal Worker,CTC_ALLOCATED_LABOR_COST_DIVIDED_BY_CTC_TRADE_RATE,0.04,1,1,1.15,1.12,1.125,293963.81414400006,290228.697,63093.195,0,647285.706144,June 2023,"_docs/Construction Task Catalog® - Distribution.pdf, page 2695",Medium,L/M/E and labor-hour splits are CTC-engine allocation fields; the published CTC price is bundled direct cost.
52,23 81 49 00-0028,"17,500 BTU Cooling, 20,400 BTU Heating, 20 SEER, Wall Mounted Ductless Split System Heat Pumps",23,HVAC,EA,168,"One 17,500-BTU ductless heat pump per 2BR",Calculated,1302.633,1302.633,289.474,2894.74,2650.3856606515687,82.57,94.95549999999999,01 22 20 00-0029,Sheet Metal Worker,CTC_ALLOCATED_LABOR_COST_DIVIDED_BY_CTC_TRADE_RATE,0.04,1,1,1.15,1.12,1.125,254907.56229120004,251668.69559999998,54710.586,0,561286.8438912,June 2023,"_docs/Construction Task Catalog® - Distribution.pdf, page 2707",Medium,L/M/E and labor-hour splits are CTC-engine allocation fields; the published CTC price is bundled direct cost.
53,23 81 49 00-0029,"24,200 BTU Cooling, 29,000 BTU Heating, 17 SEER, Wall Mounted Ductless Split System Heat Pumps",23,HVAC,EA,48,"One 24,200-BTU ductless heat pump per 3BR",Calculated,1503.081,1503.081,334.018,3340.18,873.7784667554802,82.57,94.95549999999999,01 22 20 00-0029,Sheet Metal Worker,CTC_ALLOCATED_LABOR_COST_DIVIDED_BY_CTC_TRADE_RATE,0.04,1,1,1.15,1.12,1.125,84037.85994240001,82970.07119999999,18036.971999999998,0,185044.90314240003,June 2023,"_docs/Construction Task Catalog® - Distribution.pdf, page 2707",Medium,L/M/E and labor-hour splits are CTC-engine allocation fields; the published CTC price is bundled direct cost.
54,01 95 23 00-0009,Removal And Replacement Of Residential Exhaust Fan,01,General Requirements,EA,960,Two residential exhaust fans per unit,Calculated,51.4175,123.402,30.8505,205.67,3219.1826086956526,36.8,42.31999999999999,01 22 20 00-0015,Laborer,CTC_ALLOCATED_LABOR_COST_DIVIDED_BY_CTC_TRADE_RATE,0.03,1,1,1.15,1.12,1.125,56942.61888000001,136235.808,33318.54,0,226496.96688,June 2023,"_docs/Construction Task Catalog® - Distribution.pdf, page 94",Medium,L/M/E and labor-hour splits are CTC-engine allocation fields; the published CTC price is bundled direct cost.
55,23 74 16 13-0002,"2 Ton Electric Cooling, Electric Heat, Self Contained Package Rooftop Unit",23,HVAC,EA,24,"Retail/common-area packaged rooftop units at approximately one/3,300 SF",Calculated,1962.2295,1962.2295,436.051,4360.51,570.3464696621049,82.57,94.95549999999999,01 22 20 00-0029,Sheet Metal Worker,CTC_ALLOCATED_LABOR_COST_DIVIDED_BY_CTC_TRADE_RATE,0.04,1,1,1.15,1.12,1.125,54854.5181184,54157.534199999995,11773.377,0,120785.42931840001,June 2023,"_docs/Construction Task Catalog® - Distribution.pdf, page 2687",Medium,L/M/E and labor-hour splits are CTC-engine allocation fields; the published CTC price is bundled direct cost.
56,26 24 16 00-0009,"100 Ampere Rating, 120/240 Volt, 3 Wire, 1 Phase, Main Lugs, 24 Circuit Capacity Assembled Panelboard With Eighteen 20 Ampere Breakers",26,Electrical,EA,480,"One complete 100A, 24-circuit apartment panelboard",Calculated,676.112,929.654,84.514,1690.28,5743.775518084696,77.69,89.34349999999999,01 22 20 00-0010,Electrician,CTC_ALLOCATED_LABOR_COST_DIVIDED_BY_CTC_TRADE_RATE,0.07,1,1,1.15,1.12,1.125,388921.257984,513169.0079999999,45637.56,0,947727.825984,June 2023,"_docs/Construction Task Catalog® - Distribution.pdf, page 3187",Medium,L/M/E and labor-hour splits are CTC-engine allocation fields; the published CTC price is bundled direct cost.
57,01 95 26 00-0002,"2 Conductors, 12 AWG, Residential Non-Metallic Sheathed, Solid Copper Cable",01,General Requirements,LF,1485000,Three LF branch wiring per residential GSF,Calculated,0.7725,1.854,0.4635,3.09,74814.94565217392,36.8,42.31999999999999,01 22 20 00-0015,Laborer,CTC_ALLOCATED_LABOR_COST_DIVIDED_BY_CTC_TRADE_RATE,0.03,1,1,1.15,1.12,1.125,1323366.6600000004,3166168.5,774334.6875,0,5263869.8475,June 2023,"_docs/Construction Task Catalog® - Distribution.pdf, page 94",Medium,L/M/E and labor-hour splits are CTC-engine allocation fields; the published CTC price is bundled direct cost.
58,01 95 26 00-0007,"12"" Round, 2 - 13 Watt Lamps, Close To Ceiling, Compact Fluorescent  Residential Fixture (Sea Gull 5902-15)",01,General Requirements,EA,3840,Eight residential ceiling fixtures per unit,Calculated,41.7975,100.314,25.0785,167.19,10467.547826086957,36.8,42.31999999999999,01 22 20 00-0015,Laborer,CTC_ALLOCATED_LABOR_COST_DIVIDED_BY_CTC_TRADE_RATE,0.03,1,1,1.15,1.12,1.125,185155.56864,442986.6239999999,108339.12,0,736481.3126399999,June 2023,"_docs/Construction Task Catalog® - Distribution.pdf, page 94",Medium,L/M/E and labor-hour splits are CTC-engine allocation fields; the published CTC price is bundled direct cost.
59,26 05 33 16-0024,"One Duplex Receptacle, 4"" Square Steel Exposed Work Cover",26,Electrical,EA,11520,Twenty-four duplex device/box equivalents per unit,Calculated,4.448,6.116,0.556,11.12,906.8904620929334,77.69,89.34349999999999,01 22 20 00-0010,Electrician,CTC_ALLOCATED_LABOR_COST_DIVIDED_BY_CTC_TRADE_RATE,0.07,1,1,1.15,1.12,1.125,61407.16646400002,81024.768,7205.76,0,149637.69446400003,June 2023,"_docs/Construction Task Catalog® - Distribution.pdf, page 3013",Medium,L/M/E and labor-hour splits are CTC-engine allocation fields; the published CTC price is bundled direct cost.
60,27 05 29 00-0004,"1-5/16"" Hook Size, Pre-Galvanized Finish, Screw On, Communications And Low Voltage Cable Hook (J-Hook) (Cooper B-line BCH21)",27,Communications,EA,4800,Communications cable supports; backbone/cable allowance,Calculated,3.519,3.91,0.391,7.82,241.5754923413567,77.69,89.34349999999999,01 22 20 00-0010,Electrician,CTC_ALLOCATED_LABOR_COST_DIVIDED_BY_CTC_TRADE_RATE,0.07,1,1,1.15,1.12,1.125,20242.414080000002,21583.2,2111.4,0,43937.01408,June 2023,"_docs/Construction Task Catalog® - Distribution.pdf, page 3453",Medium,L/M/E and labor-hour splits are CTC-engine allocation fields; the published CTC price is bundled direct cost.
61,28 46 13 31-0976,NFS2-640 CPU For Intelligent Fire Alarm Control Panel (Notifier CPU2-640),28,Electronic Safety and Security,EA,4,One intelligent fire-alarm CPU per building,Calculated,1631.385,1812.65,181.265,3625.3,93.3273265542541,77.69,89.34349999999999,01 22 20 00-0010,Electrician,CTC_ALLOCATED_LABOR_COST_DIVIDED_BY_CTC_TRADE_RATE,0.04,1,1,1.15,1.12,1.125,7600.948992000001,8338.19,815.6924999999999,0,16754.831492,June 2023,"_docs/Construction Task Catalog® - Distribution.pdf, page 3564",Medium,L/M/E and labor-hour splits are CTC-engine allocation fields; the published CTC price is bundled direct cost.
62,01 95 26 00-0029,"AC Powered, Residential Carbon Monoxide and Fire Alarm (Kidde 900-0114)",01,General Requirements,EA,960,Two combined CO/fire alarms per unit,Calculated,39.0175,93.642,23.4105,156.07,2442.834782608696,36.8,42.31999999999999,01 22 20 00-0015,Laborer,CTC_ALLOCATED_LABOR_COST_DIVIDED_BY_CTC_TRADE_RATE,0.03,1,1,1.15,1.12,1.125,43210.16448,103380.76799999998,25283.34,0,171874.27247999999,June 2023,"_docs/Construction Task Catalog® - Distribution.pdf, page 95",Medium,L/M/E and labor-hour splits are CTC-engine allocation fields; the published CTC price is bundled direct cost.
63,31 24 13 00-0004,"Cut, Shape, and Rough Grading for Roadways, Parking Areas, Landscaping and Embankments by Machine in Soil",31,Earthwork,CY,55000,Conceptual cut/shape/rough-grade volume over 78% disturbed site,Benchmark assumption,0.6375,1.4875,2.125,4.25,1410.560344827586,58,66.69999999999999,01 22 20 00-0012,"Equipment Operator, Medium (Bulldozer)",CTC_ALLOCATED_LABOR_COST_DIVIDED_BY_CTC_TRADE_RATE,0.1,1,1,1.15,1.12,1.125,43197,94084.37499999999,131484.375,0,268765.75,June 2023,"_docs/Construction Task Catalog® - Distribution.pdf, page 3604",Low,L/M/E and labor-hour splits are CTC-engine allocation fields; the published CTC price is bundled direct cost.
64,31 23 16 33-0003,"Bulk Excavation by Hydraulic Excavator, Front End Loader, Backhoe in Soil",31,Earthwork,CY,65000,Conceptual bulk excavation in soil,Benchmark assumption,0.6105,1.4245,2.035,4.07,1596.4224137931035,58,66.69999999999999,01 22 20 00-0012,"Equipment Operator, Medium (Bulldozer)",CTC_ALLOCATED_LABOR_COST_DIVIDED_BY_CTC_TRADE_RATE,0.1,1,1,1.15,1.12,1.125,48888.84000000001,106481.375,148809.375,0,304179.59,June 2023,"_docs/Construction Task Catalog® - Distribution.pdf, page 3600",Low,L/M/E and labor-hour splits are CTC-engine allocation fields; the published CTC price is bundled direct cost.
65,32 11 16 16-0007,"6"" Crushed Aggregate Base Course For Roadways And Parking Areas",32,Exterior Improvements,SY,28722.222222222223,Six-inch aggregate base at roads and surface parking,Calculated,4.6035,4.092,1.5345,10.23,2026.4022988505744,58,66.69999999999999,01 22 20 00-0013,"Equipment Operator, Light (Backhoe, Skid-Steer Loader)",CTC_ALLOCATED_LABOR_COST_DIVIDED_BY_CTC_TRADE_RATE,0.08,1,1,1.15,1.12,1.125,159936.63840000005,135161.0333333333,49583.53125,0,344681.2029833334,June 2023,"_docs/Construction Task Catalog® - Distribution.pdf, page 3638",Medium,L/M/E and labor-hour splits are CTC-engine allocation fields; the published CTC price is bundled direct cost.
66,32 12 16 13-0005,"2"" Thick Bituminous Hot Mix Intermediate Binder Course",32,Exterior Improvements,SY,28722.222222222223,Asphalt binder course at roads and surface parking,Calculated,5.8095,5.164,1.9365,12.91,2557.268199233716,58,66.69999999999999,01 22 20 00-0013,"Equipment Operator, Light (Backhoe, Skid-Steer Loader)",CTC_ALLOCATED_LABOR_COST_DIVIDED_BY_CTC_TRADE_RATE,0.08,1,1,1.15,1.12,1.125,201835.97280000005,170569.78888888887,62573.15625,0,434978.9179388889,June 2023,"_docs/Construction Task Catalog® - Distribution.pdf, page 3640",Medium,L/M/E and labor-hour splits are CTC-engine allocation fields; the published CTC price is bundled direct cost.
67,32 16 23 00-0002,"4"" Cast In Place Concrete Sidewalk",32,Exterior Improvements,SF,65000,Four-inch concrete walks,Calculated,2.772,2.464,0.924,6.16,2761.3793103448274,58,66.69999999999999,01 22 20 00-0013,"Equipment Operator, Light (Backhoe, Skid-Steer Loader)",CTC_ALLOCATED_LABOR_COST_DIVIDED_BY_CTC_TRADE_RATE,0.08,1,1,1.15,1.12,1.125,217945.72800000003,184183.99999999997,67567.5,0,469697.228,June 2023,"_docs/Construction Task Catalog® - Distribution.pdf, page 3656",Medium,L/M/E and labor-hour splits are CTC-engine allocation fields; the published CTC price is bundled direct cost.
68,32 16 13 13-0016,"6"" x 12"" Cast In Place Concrete Gutter With 6"" Curb And Face - Straight",32,Exterior Improvements,LF,9000,Concrete curb and gutter,Calculated,7.947,7.064,2.649,17.66,1096.1379310344828,58,66.69999999999999,01 22 20 00-0013,"Equipment Operator, Light (Backhoe, Skid-Steer Loader)",CTC_ALLOCATED_LABOR_COST_DIVIDED_BY_CTC_TRADE_RATE,0.08,1,1,1.15,1.12,1.125,86514.22080000001,73112.4,26821.125,0,186447.7458,June 2023,"_docs/Construction Task Catalog® - Distribution.pdf, page 3651",Medium,L/M/E and labor-hour splits are CTC-engine allocation fields; the published CTC price is bundled direct cost.
69,26 56 13 00-0192,"20' High, 4"" OD, 11 Gauge, Round Straight, Steel Area Light Pole, Anchor Base",26,Electrical,EA,42,Twenty-foot site light poles,Calculated,779.468,1071.7685,97.4335,1948.67,579.4088943235937,77.69,89.34349999999999,01 22 20 00-0010,Electrician,CTC_ALLOCATED_LABOR_COST_DIVIDED_BY_CTC_TRADE_RATE,0.07,1,1,1.15,1.12,1.125,39232.80695040001,51766.418549999995,4603.732875,0,95602.9583754,June 2023,"_docs/Construction Task Catalog® - Distribution.pdf, page 3400",Medium,L/M/E and labor-hour splits are CTC-engine allocation fields; the published CTC price is bundled direct cost.
70,26 56 19 00-0238,"77 Watt, Post Top Mount, Acorn Style LED Area Fixture (Cooper Lighting Invue® MSA-CO3)",26,Electrical,EA,42,LED area fixtures,Calculated,923.156,1269.3395,115.3945,2307.89,686.2177757755181,77.69,89.34349999999999,01 22 20 00-0010,Electrician,CTC_ALLOCATED_LABOR_COST_DIVIDED_BY_CTC_TRADE_RATE,0.07,1,1,1.15,1.12,1.125,46465.026316799995,61309.09785,5452.390124999999,0,113226.5142918,June 2023,"_docs/Construction Task Catalog® - Distribution.pdf, page 3447",Medium,L/M/E and labor-hour splits are CTC-engine allocation fields; the published CTC price is bundled direct cost.
71,33 14 13 39-0028,"8"" Type K Copper Water Distribution Pipe",33,Utilities,LF,3500,Conceptual eight-inch water distribution,Calculated,182.28,182.28,91.14,455.7,7919.314796425025,80.56,92.64399999999999,01 22 20 00-0024,Plumber,CTC_ALLOCATED_LABOR_COST_DIVIDED_BY_CTC_TRADE_RATE,0.1,1,1,1.15,1.12,1.125,785991.3600000002,733677,358863.75,0,1878532.1100000003,June 2023,"_docs/Construction Task Catalog® - Distribution.pdf, page 4020",Medium,L/M/E and labor-hour splits are CTC-engine allocation fields; the published CTC price is bundled direct cost.
72,33 31 11 00-0024,"8"" Schedule 40 Polyvinyl Chloride (PVC) Sewer And Drain Pipe",33,Utilities,LF,3500,Conceptual eight-inch PVC sanitary sewer,Calculated,12.072,12.072,6.036,30.18,524.4786494538232,80.56,92.64399999999999,01 22 20 00-0024,Plumber,CTC_ALLOCATED_LABOR_COST_DIVIDED_BY_CTC_TRADE_RATE,0.1,1,1,1.15,1.12,1.125,52054.464,48589.799999999996,23766.75,0,124411.014,June 2023,"_docs/Construction Task Catalog® - Distribution.pdf, page 4038",Medium,L/M/E and labor-hour splits are CTC-engine allocation fields; the published CTC price is bundled direct cost.
73,33 42 11 00-0007,"24"" Diameter Class 3 Reinforced Concrete Pipe Without Gaskets",33,Utilities,LF,4500,Conceptual 24-inch RCP storm drainage,Calculated,31.224,31.224,15.612,78.06,1744.1410129096325,80.56,92.64399999999999,01 22 20 00-0024,Plumber,CTC_ALLOCATED_LABOR_COST_DIVIDED_BY_CTC_TRADE_RATE,0.1,1,1,1.15,1.12,1.125,173105.856,161584.19999999998,79035.75,0,413725.806,June 2023,"_docs/Construction Task Catalog® - Distribution.pdf, page 4051",Medium,L/M/E and labor-hour splits are CTC-engine allocation fields; the published CTC price is bundled direct cost.
74,33 42 31 00-0056,"6' Deep, 4' x 4' x 8"" Thick Wall, Cast In Place, Catch Basin",33,Utilities,EA,24,Six-foot-deep catch basins,Calculated,1221.044,1221.044,610.522,3052.61,363.7668321747766,80.56,92.64399999999999,01 22 20 00-0024,Plumber,CTC_ALLOCATED_LABOR_COST_DIVIDED_BY_CTC_TRADE_RATE,0.1,1,1,1.15,1.12,1.125,36103.82899200001,33700.814399999996,16484.094,0,86288.737392,June 2023,"_docs/Construction Task Catalog® - Distribution.pdf, page 4099",Medium,L/M/E and labor-hour splits are CTC-engine allocation fields; the published CTC price is bundled direct cost.
75,33 14 19 00-0331,"6' Burial Section, Three Way, Modern Type Fire Hydrant",33,Utilities,EA,6,Six-foot-burial three-way fire hydrants,Calculated,1781.544,1781.544,890.772,4453.86,132.68699106256207,80.56,92.64399999999999,01 22 20 00-0024,Plumber,CTC_ALLOCATED_LABOR_COST_DIVIDED_BY_CTC_TRADE_RATE,0.1,1,1,1.15,1.12,1.125,13169.173248000005,12292.6536,6012.711,0,31474.537848000004,June 2023,"_docs/Construction Task Catalog® - Distribution.pdf, page 4033",Medium,L/M/E and labor-hour splits are CTC-engine allocation fields; the published CTC price is bundled direct cost.
76,,Specialties complete-system residual,10,Specialties,LS,1,"Complete residential/common specialties, signage and mail/package systems.",Benchmark assumption,,,,,12252.280026063881,58.03,66.7345,01 22 20 00-0006,Carpenter,CTC_ALLOCATED_LABOR_COST_DIVIDED_BY_CTC_TRADE_RATE,0,1,1,1.15,1.12,1.125,1124268.4494241201,817649.78139936,102206.22267492,0,2044124.4534984,"June 2023 basis, July 2026 calibration",Existing Kealee CTC-calibrated mixed-use subsystem model: scripts/build_argona_cost_model.mjs,Medium,No CTC item ID: this is the transparent residual between exact selected tasks and Kealee’s existing complete-system division check. Labor hours use the division-mapped published CTC hourly trade rate.
77,,Equipment complete-system residual,11,Equipment,LS,1,Complete appliance and common-equipment packages; retail equipment excluded.,Benchmark assumption,,,,,8204.900566886776,64.33,73.97949999999999,01 22 20 00-0018,Millwright,CTC_ALLOCATED_LABOR_COST_DIVIDED_BY_CTC_TRADE_RATE,0,1,1,1.15,1.12,1.125,1213988.8829760002,606994.4414880001,202331.48049600003,0,2023314.8049600003,"June 2023 basis, July 2026 calibration",Existing Kealee CTC-calibrated mixed-use subsystem model: scripts/build_argona_cost_model.mjs,Medium,No CTC item ID: this is the transparent residual between exact selected tasks and Kealee’s existing complete-system division check. Labor hours use the division-mapped published CTC hourly trade rate.
78,,Furnishings and Casework complete-system residual,12,Furnishings and Casework,LS,1,"Complete casework, counters, blinds and amenity furnishings allowance.",Benchmark assumption,,,,,7494.734706624011,58.03,66.7345,01 22 20 00-0006,Carpenter,CTC_ALLOCATED_LABOR_COST_DIVIDED_BY_CTC_TRADE_RATE,0,1,1,1.15,1.12,1.125,857412.6399072001,500157.37327920005,71451.05332560002,0,1429021.0665120003,"June 2023 basis, July 2026 calibration",Existing Kealee CTC-calibrated mixed-use subsystem model: scripts/build_argona_cost_model.mjs,Medium,No CTC item ID: this is the transparent residual between exact selected tasks and Kealee’s existing complete-system division check. Labor hours use the division-mapped published CTC hourly trade rate.
79,,Special Construction complete-system residual,13,Special Construction,LS,1,"Pool vessel/equipment, canopies and normal site amenities.",Benchmark assumption,,,,,5087.618233405743,64.33,73.97949999999999,01 22 20 00-0018,Millwright,CTC_ALLOCATED_LABOR_COST_DIVIDED_BY_CTC_TRADE_RATE,0,1,1,1.15,1.12,1.125,423426.88473552006,376379.4530982401,141142.29491184,0,940948.6327456001,"June 2023 basis, July 2026 calibration",Existing Kealee CTC-calibrated mixed-use subsystem model: scripts/build_argona_cost_model.mjs,Medium,No CTC item ID: this is the transparent residual between exact selected tasks and Kealee’s existing complete-system division check. Labor hours use the division-mapped published CTC hourly trade rate.
80,,Conveying Equipment complete-system residual,14,Conveying Equipment,LS,1,Eight complete elevator systems including controls and normal cab allowance.,Benchmark assumption,,,,,1391.2443002318194,64.33,73.97949999999999,01 22 20 00-0018,Millwright,CTC_ALLOCATED_LABOR_COST_DIVIDED_BY_CTC_TRADE_RATE,0,1,1,1.15,1.12,1.125,117626.92309599985,102923.55770899986,73516.8269349999,0,294067.3077399996,"June 2023 basis, July 2026 calibration",Existing Kealee CTC-calibrated mixed-use subsystem model: scripts/build_argona_cost_model.mjs,Medium,No CTC item ID: this is the transparent residual between exact selected tasks and Kealee’s existing complete-system division check. Labor hours use the division-mapped published CTC hourly trade rate.
81,,Fire Suppression complete-system residual,21,Fire Suppression,LS,1,"Complete sprinkler distribution, standpipe/fire-pump allowance and garage coverage.",Benchmark assumption,,,,,5473.361715300506,77.76,89.42399999999999,01 22 20 00-0030,Sprinkler Installer,CTC_ALLOCATED_LABOR_COST_DIVIDED_BY_CTC_TRADE_RATE,0,1,1,1.15,1.12,1.125,489449.8980290324,489449.8980290324,108766.64400645165,0,1087666.4400645164,"June 2023 basis, July 2026 calibration",Existing Kealee CTC-calibrated mixed-use subsystem model: scripts/build_argona_cost_model.mjs,Medium,No CTC item ID: this is the transparent residual between exact selected tasks and Kealee’s existing complete-system division check. Labor hours use the division-mapped published CTC hourly trade rate.
82,,Plumbing complete-system residual,22,Plumbing,LS,1,"Complete fixtures, domestic water, sanitary/storm piping, risers and equipment.",Benchmark assumption,,,,,48137.67441359181,80.56,92.64399999999999,01 22 20 00-0024,Plumber,CTC_ALLOCATED_LABOR_COST_DIVIDED_BY_CTC_TRADE_RATE,0,1,1,1.15,1.12,1.125,3567733.36669824,4459666.7083728,891933.34167456,0,8919333.4167456,"June 2023 basis, July 2026 calibration",Existing Kealee CTC-calibrated mixed-use subsystem model: scripts/build_argona_cost_model.mjs,Medium,No CTC item ID: this is the transparent residual between exact selected tasks and Kealee’s existing complete-system division check. Labor hours use the division-mapped published CTC hourly trade rate.
83,,HVAC complete-system residual,23,HVAC,LS,1,"Complete apartment HVAC, DOAS/ventilation, retail shell and controls.",Benchmark assumption,,,,,101222.08511225577,82.57,94.95549999999999,01 22 20 00-0029,Sheet Metal Worker,CTC_ALLOCATED_LABOR_COST_DIVIDED_BY_CTC_TRADE_RATE,0,1,1,1.15,1.12,1.125,9611593.7028768,9611593.7028768,2135909.7117504003,0,21359097.117504,"June 2023 basis, July 2026 calibration",Existing Kealee CTC-calibrated mixed-use subsystem model: scripts/build_argona_cost_model.mjs,Medium,No CTC item ID: this is the transparent residual between exact selected tasks and Kealee’s existing complete-system division check. Labor hours use the division-mapped published CTC hourly trade rate.
84,,Electrical complete-system residual,26,Electrical,LS,1,"Complete service, distribution, feeders, branch wiring, lighting and site power.",Benchmark assumption,,,,,112061.3727219847,77.69,89.34349999999999,01 22 20 00-0010,Electrician,CTC_ALLOCATED_LABOR_COST_DIVIDED_BY_CTC_TRADE_RATE,0,1,1,1.15,1.12,1.125,7281422.00275392,10011955.25378664,910177.75034424,0,18203555.0068848,"June 2023 basis, July 2026 calibration",Existing Kealee CTC-calibrated mixed-use subsystem model: scripts/build_argona_cost_model.mjs,Medium,No CTC item ID: this is the transparent residual between exact selected tasks and Kealee’s existing complete-system division check. Labor hours use the division-mapped published CTC hourly trade rate.
85,,Communications complete-system residual,27,Communications,LS,1,"Complete telecom backbone, cabling, pathways and rooms.",Benchmark assumption,,,,,16406.834218046082,77.69,89.34349999999999,01 22 20 00-0010,Electrician,CTC_ALLOCATED_LABOR_COST_DIVIDED_BY_CTC_TRADE_RATE,0,1,1,1.15,1.12,1.125,1319259.593664,1465843.99296,146584.399296,0,2931687.98592,"June 2023 basis, July 2026 calibration",Existing Kealee CTC-calibrated mixed-use subsystem model: scripts/build_argona_cost_model.mjs,Medium,No CTC item ID: this is the transparent residual between exact selected tasks and Kealee’s existing complete-system division check. Labor hours use the division-mapped published CTC hourly trade rate.
86,,Electronic Safety and Security complete-system residual,28,Electronic Safety and Security,LS,1,"Complete fire alarm, access control, CCTV and security.",Benchmark assumption,,,,,20475.16141917431,77.69,89.34349999999999,01 22 20 00-0010,Electrician,CTC_ALLOCATED_LABOR_COST_DIVIDED_BY_CTC_TRADE_RATE,0,1,1,1.15,1.12,1.125,1646390.3258286,1829322.5842539999,182932.2584254,0,3658645.1685079997,"June 2023 basis, July 2026 calibration",Existing Kealee CTC-calibrated mixed-use subsystem model: scripts/build_argona_cost_model.mjs,Medium,No CTC item ID: this is the transparent residual between exact selected tasks and Kealee’s existing complete-system division check. Labor hours use the division-mapped published CTC hourly trade rate.
87,,Earthwork complete-system residual,31,Earthwork,LS,1,"Clearing, grading, erosion control and normal soil handling.",Benchmark assumption,,,,,7666.703613193403,58,66.69999999999999,01 22 20 00-0012,"Equipment Operator, Medium (Bulldozer)",CTC_ALLOCATED_LABOR_COST_DIVIDED_BY_CTC_TRADE_RATE,0,1,1,1.15,1.12,1.125,219158.19899999994,511369.1309999999,730527.3299999998,0,1461054.6599999997,"June 2023 basis, July 2026 calibration",Existing Kealee CTC-calibrated mixed-use subsystem model: scripts/build_argona_cost_model.mjs,Low,No CTC item ID: this is the transparent residual between exact selected tasks and Kealee’s existing complete-system division check. Labor hours use the division-mapped published CTC hourly trade rate.
88,,Exterior Improvements complete-system residual,32,Exterior Improvements,LS,1,"Roads, surface parking, curb, walks, landscape, hardscape and lighting.",Benchmark assumption,,,,,1128.6051291021167,58,66.69999999999999,01 22 20 00-0013,"Equipment Operator, Light (Backhoe, Skid-Steer Loader)",CTC_ALLOCATED_LABOR_COST_DIVIDED_BY_CTC_TRADE_RATE,0,1,1,1.15,1.12,1.125,84687.70737500007,75277.96211111118,28229.235791666688,0,188194.90527777793,"June 2023 basis, July 2026 calibration",Existing Kealee CTC-calibrated mixed-use subsystem model: scripts/build_argona_cost_model.mjs,Low,No CTC item ID: this is the transparent residual between exact selected tasks and Kealee’s existing complete-system division check. Labor hours use the division-mapped published CTC hourly trade rate.
89,,Utilities complete-system residual,33,Utilities,LS,1,"Water, sanitary, stormwater and dry-utility site allowance.",Benchmark assumption,,,,,21331.4096747118,80.56,92.64399999999999,01 22 20 00-0024,Plumber,CTC_ALLOCATED_LABOR_COST_DIVIDED_BY_CTC_TRADE_RATE,0,1,1,1.15,1.12,1.125,1976227.1179039998,1976227.1179039998,988113.5589519999,0,4940567.794759999,"June 2023 basis, July 2026 calibration",Existing Kealee CTC-calibrated mixed-use subsystem model: scripts/build_argona_cost_model.mjs,Low,No CTC item ID: this is the transparent residual between exact selected tasks and Kealee’s existing complete-system division check. Labor hours use the division-mapped published CTC hourly trade rate.
90,,Existing Conditions complete-system residual,02,Existing Conditions,LS,1,Minor existing-conditions allowance; demolition survey absent.,Benchmark assumption,,,,,817.4305445444237,36.8,42.31999999999999,01 22 20 00-0015,Laborer,CTC_ALLOCATED_LABOR_COST_DIVIDED_BY_CTC_TRADE_RATE,0,1,1,1.15,1.12,1.125,7687.4801433600005,34593.660645120006,34593.660645120006,0,76874.8014336,"June 2023 basis, July 2026 calibration",Existing Kealee CTC-calibrated mixed-use subsystem model: scripts/build_argona_cost_model.mjs,Low,No CTC item ID: this is the transparent residual between exact selected tasks and Kealee’s existing complete-system division check. Labor hours use the division-mapped published CTC hourly trade rate.
91,,Concrete complete-system residual,03,Concrete,LS,1,"Complete foundations, podium/garage structure, reinforcing, forming and concrete placement.",Benchmark assumption,,,,,228736.0006082684,48.16,55.38399999999999,01 22 20 00-0008,Cement Mason,CTC_ALLOCATED_LABOR_COST_DIVIDED_BY_CTC_TRADE_RATE,0,1,1,1.15,1.12,1.125,14251853.989899375,12668314.657688335,4750617.996633125,0,31670786.644220833,"June 2023 basis, July 2026 calibration",Existing Kealee CTC-calibrated mixed-use subsystem model: scripts/build_argona_cost_model.mjs,Low,No CTC item ID: this is the transparent residual between exact selected tasks and Kealee’s existing complete-system division check. Labor hours use the division-mapped published CTC hourly trade rate.
92,,Masonry complete-system residual,04,Masonry,LS,1,"Complete CMU, masonry veneer and accessories.",Benchmark assumption,,,,,19709.80510150526,62.13,71.4495,01 22 20 00-0005,Brick Layer,CTC_ALLOCATED_LABOR_COST_DIVIDED_BY_CTC_TRADE_RATE,0,1,1,1.15,1.12,1.125,1182934.8044639998,1408255.7196,225320.915136,0,2816511.4392,"June 2023 basis, July 2026 calibration",Existing Kealee CTC-calibrated mixed-use subsystem model: scripts/build_argona_cost_model.mjs,Medium,No CTC item ID: this is the transparent residual between exact selected tasks and Kealee’s existing complete-system division check. Labor hours use the division-mapped published CTC hourly trade rate.
93,,Metals complete-system residual,05,Metals,LS,1,"Primary/miscellaneous metals, podium/garage steel and railings.",Benchmark assumption,,,,,57200.1044873028,72.32,83.16799999999999,01 22 20 00-0033,Structural Steel Worker,CTC_ALLOCATED_LABOR_COST_DIVIDED_BY_CTC_TRADE_RATE,0,1,1,1.15,1.12,1.125,5946522.862499999,4757218.289999999,1189304.5724999998,0,11893045.724999998,"June 2023 basis, July 2026 calibration",Existing Kealee CTC-calibrated mixed-use subsystem model: scripts/build_argona_cost_model.mjs,Medium,No CTC item ID: this is the transparent residual between exact selected tasks and Kealee’s existing complete-system division check. Labor hours use the division-mapped published CTC hourly trade rate.
94,,"Wood, Plastics and Composites complete-system residual",06,"Wood, Plastics and Composites",LS,1,"Complete wood framing, sheathing, blocking and casework.",Benchmark assumption,,,,,92853.89543623188,58.03,66.7345,01 22 20 00-0006,Carpenter,CTC_ALLOCATED_LABOR_COST_DIVIDED_BY_CTC_TRADE_RATE,0,1,1,1.15,1.12,1.125,5205108.959390941,6196558.284989215,991449.3255982745,0,12393116.56997843,"June 2023 basis, July 2026 calibration",Existing Kealee CTC-calibrated mixed-use subsystem model: scripts/build_argona_cost_model.mjs,Medium,No CTC item ID: this is the transparent residual between exact selected tasks and Kealee’s existing complete-system division check. Labor hours use the division-mapped published CTC hourly trade rate.
95,,Thermal and Moisture Protection complete-system residual,07,Thermal and Moisture Protection,LS,1,"Complete enclosure waterproofing, insulation, roofing and sealants.",Benchmark assumption,,,,,79157.12436634969,61.44,70.65599999999999,01 22 20 00-0027,"Roofer, Composite",CTC_ALLOCATED_LABOR_COST_DIVIDED_BY_CTC_TRADE_RATE,0,1,1,1.15,1.12,1.125,5592925.779228803,5592925.779228803,1242872.3953841783,0,12428723.953841783,"June 2023 basis, July 2026 calibration",Existing Kealee CTC-calibrated mixed-use subsystem model: scripts/build_argona_cost_model.mjs,Medium,No CTC item ID: this is the transparent residual between exact selected tasks and Kealee’s existing complete-system division check. Labor hours use the division-mapped published CTC hourly trade rate.
96,,Openings complete-system residual,08,Openings,LS,1,"Complete windows, doors, hardware, glazing and storefront.",Benchmark assumption,,,,,85791.62153934603,61.71,70.9665,01 22 20 00-0014,Glazier,CTC_ALLOCATED_LABOR_COST_DIVIDED_BY_CTC_TRADE_RATE,0,1,1,1.15,1.12,1.125,8371455.276211501,6088331.109972,761041.3887465,0,15220827.77493,"June 2023 basis, July 2026 calibration",Existing Kealee CTC-calibrated mixed-use subsystem model: scripts/build_argona_cost_model.mjs,Medium,No CTC item ID: this is the transparent residual between exact selected tasks and Kealee’s existing complete-system division check. Labor hours use the division-mapped published CTC hourly trade rate.
97,,Finishes complete-system residual,09,Finishes,LS,1,"Complete apartment, corridor, amenity and retail-shell finishes.",Benchmark assumption,,,,,131673.47809594419,56.41,64.8715,01 22 20 00-0009,Drywall Finisher,CTC_ALLOCATED_LABOR_COST_DIVIDED_BY_CTC_TRADE_RATE,0,1,1,1.15,1.12,1.125,6212258.934037122,8541856.034301043,776532.3667546402,0,15530647.335092803,"June 2023 basis, July 2026 calibration",Existing Kealee CTC-calibrated mixed-use subsystem model: scripts/build_argona_cost_model.mjs,Medium,No CTC item ID: this is the transparent residual between exact selected tasks and Kealee’s existing complete-system division check. Labor hours use the division-mapped published CTC hourly trade rate.
