Section,CSI Division,Description,2023 Catalogue Basis,2026 Escalation Factor,Location Factor,Quantity Basis,Quantity,2023 Unit Cost,2026 Unit Cost,Extended Cost,Confidence,Notes
CSI Detail,01,General Requirements,"CTC Div 01 temporary facilities, construction aids, access, barriers, cleaning; Using guide says project supervision/trailer/cleanup are in adjustment factor, so modeled separately as general conditions.",1.120,1.040,Adjusted direct hard cost subtotal,251451139.35,0.08,0.08,20116091,Medium,"Separate from GC O&P; includes superintendent, PM/APM, safety, trailer, temp utilities, toilets, dumpsters, testing coordination, insurance/bond allowance where applicable."
CSI Detail,02,Existing Conditions / Demo,"CTC Div 02 demolition/removal tasks; demolition tasks exclude hauling, dump fees, dumpsters and trash chutes unless separately tasked.",1.100,1.040,20 disturbed acres / minor existing improvements,28.00,75000.00,85800.00,2402400,Low,No demolition survey provided; environmental and hazmat excluded except allowances.
CSI Detail,03,Concrete,"CTC Div 03 cast-in-place concrete, reinforcing, forms, finishing; Div 01 wage examples include cement mason $48.16/hr and rodman/reinforcing steel worker $67.58/hr.",1.140,1.040,642777 building GSF + 146000 garage GSF,788777.07,46.00,54.54,43018008,Medium,"Podium/slab/garage concrete calibrated conceptually; final depends on structural system, foundations, podium transfer, and below-grade parking."
CSI Detail,04,Masonry,CTC Div 04 concrete unit masonry and masonry assemblies.,1.130,1.040,642777 building GSF,642777.07,6.00,7.05,4532350,Medium,"CMU cores, shafts, veneer/site walls allowance."
CSI Detail,05,Metals,"CTC Div 05 structural steel framing, joists, decking, railings, miscellaneous metals; wage example structural steel worker $72.32/hr.",1.140,1.040,642777 building GSF + garage metals,693877.07,22.00,26.08,18098534,Medium,Includes miscellaneous metals and structural steel allowance for podium/hybrid; wide range pending structural design.
CSI Detail,06,"Wood, Plastics, Composites","CTC Div 06 wood framing, sheathing, architectural woodwork/casework; wage example carpenter $58.03/hr.",1.130,1.040,543777 residential GSF,543777.07,31.00,36.43,19810451,Medium,Wood-frame/wrap residential superstructure assumed above podium; mass timber or full concrete/steel would change this materially.
CSI Detail,07,Thermal and Moisture Protection,"CTC Div 07 waterproofing, insulation, roofing, air barriers, sealants.",1.140,1.040,642777 building GSF,642777.07,21.00,24.90,16003606,Medium,"Podium waterproofing, roof membrane, exterior insulation, air/water barrier."
CSI Detail,08,Openings,"CTC Div 08 doors, storefronts, glazing; sample aluminum entrance door task 08 42 13 00-0002 at $5,739.41 direct plus demolition column $490.38.",1.130,1.040,642777 building GSF,642777.07,26.00,30.56,19640182,Medium,"Residential windows, storefront, doors, hardware; curtainwall-heavy design would increase."
CSI Detail,09,Finishes,CTC Div 09 finishes and residential finish assemblies; residential paint noted per SF floor area in Div 01 residential section.,1.120,1.040,543777 residential GSF + commercial warm shell,588327.07,38.00,44.26,26040768,Medium,"Apartment finishes, corridors, amenity finishes, commercial shell only. Tenant improvements excluded beyond warm shell."
CSI Detail,10,Specialties,CTC Div 10 specialties and toilet accessories; residential specialties cross-reference Div 10 28.,1.110,1.040,450 units + common areas,450.00,4200.00,4848.48,2181816,Medium,"Bath accessories, signage, lockers/mailboxes, fire extinguisher cabinets, misc specialties."
CSI Detail,11,Equipment,CTC Div 11 residential appliances and foodservice/equipment sections.,1.120,1.040,450 dwelling units,450.00,6800.00,7920.64,3564288,Medium,Appliance package and common equipment; restaurant/retail tenant equipment excluded.
CSI Detail,12,Furnishings,"CTC Div 12 furnishings, window treatments, countertops where applicable.",1.100,1.040,450 units + amenities,450.00,3200.00,3660.80,1647360,Low,Amenity FF&E and blinds allowance; owner-procured items may shift to soft costs.
CSI Detail,13,Special Construction,CTC Div 13 special construction.,1.110,1.040,Allowance,1.00,900000.00,1038960.00,1038960,Low,"Canopies, pool/special amenity, specialty structures not yet designed."
CSI Detail,14,Conveying Equipment / Elevators,CTC Div 14 traction and hydraulic elevators.,1.130,1.040,6 elevator stops/cabs allowance,6.00,325000.00,381940.00,2291640,Medium,Assumes multiple residential/commercial/garage elevator cores; final count and travel height needed.
CSI Detail,21,Fire Suppression,"CTC Div 21 wet-pipe sprinkler systems; complete wet pipe tasks include NFPA design/shop drawings, branch lines, fittings, hangers, sprinkler heads, excluding mains/standpipes/fire pumps/tanks.",1.170,1.040,788777 total enclosed/garage GSF,788777.07,5.40,6.57,5182833,Medium,"Includes sprinkler distribution; fire pump, tanks, standpipes carried in allowance if required."
CSI Detail,22,Plumbing,CTC Div 22 plumbing; sample 22 41 13 13-0002 Kohler Wellworth toilet at $410.30 direct plus $133.35 demolition column.,1.170,1.040,450 units + commercial/common,450.00,20500.00,24944.40,11224980,Medium,"Domestic water, sanitary, storm, fixtures, water heaters/booster allowance; utility connection fees excluded from hard cost."
CSI Detail,23,HVAC,"CTC Div 23 HVAC; sample packaged rooftop task 23 74 16 13-0002 2-ton electric cooling/electric heat RTU at $4,360.51 direct plus $1,265.91 demolition column.",1.170,1.040,642777 building GSF,642777.07,34.00,41.37,26592459,Medium,VRF/PTAC/DOAS not selected; MEP design can swing materially.
CSI Detail,26,Electrical,"CTC Div 26 electrical distribution, panelboards, devices; wage example electrician $77.69/hr.",1.170,1.040,642777 building GSF + garage/site lighting,642777.07,29.00,35.29,22681803,Medium,"Service, distribution, lighting, devices, EV rough-ins allowance; utility company work excluded."
CSI Detail,27,Low Voltage / Communications,CTC Div 27 communications systems.,1.150,1.040,642777 building GSF,642777.07,4.50,5.38,3459426,Low,"Backbone, structured cabling, telecom rooms, access control rough-ins coordination."
CSI Detail,28,Electronic Safety and Security,CTC Div 28 alarms/security; residential alarm tasks visible in Div 01 residential electrical cross-references.,1.150,1.040,642777 building GSF + garage,642777.07,4.70,5.62,3613178,Medium,"Fire alarm, CCTV/access/security; scope depends on owner/lender/security requirements."
CSI Detail,31,Earthwork,"CTC Div 31 earthwork; Div 00 provides material weights/shrink-swell conversion rules for earth, sand, rock mixes, gravel and clay.",1.130,1.040,28 acres; assume 20 disturbed acres,28.00,180000.00,211536.00,5923008,Low,"Clearing, grading, erosion control, excavation/backfill. Rock, unsuitable soils, retaining walls and export/import are major unknowns."
CSI Detail,32,Exterior Improvements,CTC Div 32 paving and exterior improvements; sample asphalt grinding/reuse tasks in Div 32 range from $4.52/SY to $7.49/SY for listed rehab items.,1.120,1.040,61050 SF surface parking + roads/sidewalks/landscape,28.00,145000.00,168896.00,4729088,Low,"Roads, sidewalks, curb/gutter, surface lots, lighting, landscape, hardscape."
CSI Detail,33,Utilities,"CTC Div 33 utilities, stormwater conveyance, storm utility drains, stormwater management, hydrocarbon utilities.",1.150,1.040,Water/sewer/storm/dry utility site allowance,1.00,6500000.00,7774000.00,7774000,Low,"Off-site upgrades, WSSC/utility requirements, stormwater BMPs and dry utility relocation unknown."
Summary,,Adjusted direct plus general conditions,,,,,,,,271567231,,
Summary,,GC overhead and profit base case,,,,10%,,,,27156723,,"Sensitivity: 8%, 12%, 15% shown in markdown."
Summary,,Base contingency,,,,10%,,,,29872395,,"Conceptual 15%, DD 10%, GMP/bid 5%."
Summary,,Base hard cost,,,,,,,,328596349,,
